{"cameraMode":{"drawMode":0,"name":"Shaded","section":"Shading Mode"},"sceneLighting":true,"audioPlay":false,"sceneViewState":{"m_AlwaysRefresh":false,"showFog":true,"showSkybox":true,"showFlares":true,"showImageEffects":true,"showParticleSystems":true,"showVisualEffectGraphs":true,"m_FxEnabled":true},"in2DMode":false,"pivot":{"x":7.440064430236816,"y":-7.8784637451171879,"z":-4.506229400634766},"rotation":{"x":-0.051721587777137759,"y":0.9309744238853455,"z":-0.33079761266708376,"w":-0.14556258916854859},"size":16.780967712402345,"orthographic":false}